[
    {
        "timestamp": "2025-11-01 08:46:22",
        "user": "as@gmail.com",
        "action": "Pipeline Access",
        "details": "User accessed the production pipeline page",
        "ip_address": "::1"
    },
    {
        "timestamp": "2025-11-01 08:46:22",
        "user": "as@gmail.com",
        "action": "Pipeline: Item Update",
        "details": "Order #1003 - Item Update: User 'as@gmail.com' (employee) updated drawing for 'ASTM E2491 PAUT ASSESSMENT BLOCK' - File: lll.PNG (Item #1) [User: as@gmail.com (employee)]",
        "ip_address": "::1"
    },
    {
        "timestamp": "2025-11-01 08:46:22",
        "user": "as@gmail.com",
        "action": "Pipeline Access",
        "details": "User accessed the production pipeline page",
        "ip_address": "::1"
    },
    {
        "timestamp": "2025-11-01 08:46:13",
        "user": "as@gmail.com",
        "action": "Pipeline Access",
        "details": "User accessed the production pipeline page",
        "ip_address": "::1"
    },
    {
        "timestamp": "2025-11-01 08:10:30",
        "user": "admin",
        "action": "Pipeline Access",
        "details": "User accessed the production pipeline page",
        "ip_address": "::1"
    },
    {
        "timestamp": "2025-11-01 08:10:48",
        "user": "admin",
        "action": "Pipeline Access",
        "details": "User accessed the production pipeline page",
        "ip_address": "::1"
    },
    {
        "timestamp": "2025-11-01 08:11:02",
        "user": "admin",
        "action": "Pipeline Access",
        "details": "User accessed the production pipeline page",
        "ip_address": "::1"
    },
    {
        "timestamp": "2025-11-01 08:11:12",
        "user": "admin",
        "action": "Pipeline Access",
        "details": "User accessed the production pipeline page",
        "ip_address": "::1"
    },
    {
        "timestamp": "2025-11-01 08:11:12",
        "user": "admin",
        "action": "Pipeline: Raw Materials",
        "details": "Order #1004 - Raw Materials: User 'admin' (admin) added raw material: Plate - ss (Item #1) [User: admin (admin)]",
        "ip_address": "::1"
    },
    {
        "timestamp": "2025-11-01 08:11:12",
        "user": "admin",
        "action": "Pipeline Access",
        "details": "User accessed the production pipeline page",
        "ip_address": "::1"
    },
    {
        "timestamp": "2025-11-01 08:11:24",
        "user": "admin",
        "action": "Pipeline Access",
        "details": "User accessed the production pipeline page",
        "ip_address": "::1"
    },
    {
        "timestamp": "2025-11-01 08:11:24",
        "user": "admin",
        "action": "Pipeline: Machining Process",
        "details": "Order #1004 - Machining Process: User 'admin' (admin) added process: Cutting (Seq: 1) (Item #1) [User: admin (admin)]",
        "ip_address": "::1"
    },
    {
        "timestamp": "2025-11-01 08:11:24",
        "user": "admin",
        "action": "Pipeline Access",
        "details": "User accessed the production pipeline page",
        "ip_address": "::1"
    },
    {
        "timestamp": "2025-11-01 08:11:35",
        "user": "admin",
        "action": "Pipeline Access",
        "details": "User accessed the production pipeline page",
        "ip_address": "::1"
    },
    {
        "timestamp": "2025-11-01 08:11:35",
        "user": "admin",
        "action": "Pipeline: Machining Process",
        "details": "Order #1004 - Machining Process: User 'admin' (admin) added process: Turning (Seq: 2) (Item #1) [User: admin (admin)]",
        "ip_address": "::1"
    },
    {
        "timestamp": "2025-11-01 08:11:35",
        "user": "admin",
        "action": "Pipeline Access",
        "details": "User accessed the production pipeline page",
        "ip_address": "::1"
    }
]