timestamp,user,action,details,ip_address
"2025-11-01 10:54:16",System,"Pipeline Access","User accessed the production pipeline page",::1
"2025-11-01 10:56:25",z@gmail.com,"Pipeline Access","User accessed the production pipeline page",::1
"2025-11-01 10:56:31",z@gmail.com,"Pipeline Access","User accessed the production pipeline page",::1
"2025-11-01 10:56:31",z@gmail.com,"Pipeline: Item Update","Order #1004 - Item Update: User 'z@gmail.com' (employee) updated drawing for 'IIW-TYPE 1 CALIBRATION TEST BLOCK METRIC VERSION' - File: ccc.PNG (Item #1) [User: z@gmail.com (employee)]",::1
"2025-11-01 10:56:31",z@gmail.com,"Pipeline Access","User accessed the production pipeline page",::1
"2025-11-01 10:59:33",z@gmail.com,"File Upload","Uploaded file: 11.PNG to folder: jobsheets/17_swxwewefwf",::1
"2025-11-01 11:23:08",vivo@gmail.com,"Folder Creation","Created folder: jobsheets/21_wreqar",::1
"2025-11-01 11:23:14",vivo@gmail.com,"File Upload","Uploaded file: 12.PNG to folder: jobsheets/21_wreqar",::1
"2025-11-01 11:23:30",vivo@gmail.com,"Pipeline Access","User accessed the production pipeline page",::1
"2025-11-01 11:23:44",vivo@gmail.com,"Pipeline Access","User accessed the production pipeline page",::1
"2025-11-01 11:23:44",vivo@gmail.com,"Pipeline: Machining Process","Order #1004 - Machining Process: User 'vivo@gmail.com' (employee) added process: Welding (Seq: 1) (Item #1) [User: vivo@gmail.com (employee)]",::1
"2025-11-01 11:23:44",vivo@gmail.com,"Pipeline Access","User accessed the production pipeline page",::1
"2025-11-01 11:23:52",vivo@gmail.com,"Pipeline Access","User accessed the production pipeline page",::1
"2025-11-01 11:23:52",vivo@gmail.com,"Pipeline: Machining Process","Order #1004 - Machining Process: User 'vivo@gmail.com' (employee) updated process status to: Not Started (Item #1) [User: vivo@gmail.com (employee)]",::1
"2025-11-01 11:23:52",vivo@gmail.com,"Pipeline Access","User accessed the production pipeline page",::1
"2025-11-01 12:56:26",System,"Pipeline Access","User accessed the production pipeline page",::1
"2025-11-01 12:56:26",System,"Pipeline Access","User accessed the production pipeline page",::1
"2025-11-01 12:58:11",sam@gmail.com,"Pipeline Access","User accessed the production pipeline page",::1
"2025-11-01 12:58:28",sam@gmail.com,"Pipeline Access","User accessed the production pipeline page",::1
"2025-11-01 12:58:28",sam@gmail.com,"Pipeline: Machining Process","Order #1004 - Machining Process: User 'sam@gmail.com' (employee) added process: Cutting (Seq: 1) (Item #1) [User: sam@gmail.com (employee)]",::1
"2025-11-01 12:58:28",sam@gmail.com,"Pipeline Access","User accessed the production pipeline page",::1
"2025-11-01 13:13:32",sam@gmail.com,"Pipeline Access","User accessed the production pipeline page",::1
"2025-11-01 13:15:47",arun@gmail.com,"Folder Creation","Created folder: jobsheets/22_seaster",::1
"2025-11-01 13:16:15",arun@gmail.com,"File Upload","Uploaded file: ccc.PNG to folder: jobsheets/22_seaster",::1
"2025-11-03 05:58:35",admin,"Pipeline Access","User accessed the production pipeline page",::1
"2025-11-03 10:35:24",admin,"Pipeline Access","User accessed the production pipeline page",192.168.1.19
"2025-11-03 11:48:47",admin,"Pipeline Access","User accessed the production pipeline page",::1
"2025-11-03 12:10:36",admin,"Pipeline Access","User accessed the production pipeline page",::1
"2025-11-03 12:11:32",admin,"Pipeline Access","User accessed the production pipeline page",::1
"2025-11-04 06:11:12",admin,"Pipeline Access","User accessed the production pipeline page",::1
"2025-11-04 06:31:48",hari@gmail.com,"Folder Creation","Created folder: jobsheets/24_cse",::1
"2025-11-04 06:31:56",hari@gmail.com,"File Upload","Uploaded file: 2.jpg to folder: jobsheets/24_cse",::1
"2025-11-04 06:34:33",hari@gmail.com,"Pipeline Access","User accessed the production pipeline page",::1
"2025-11-04 06:34:37",hari@gmail.com,"Pipeline Access","User accessed the production pipeline page",::1
"2025-11-04 06:34:37",hari@gmail.com,"Pipeline: Order Management","Order #1004 - Order Management: User 'hari@gmail.com' (employee) deleted order #1004 [User: hari@gmail.com (employee)]",::1
"2025-11-04 06:34:37",hari@gmail.com,"Pipeline Access","User accessed the production pipeline page",::1
"2025-11-04 06:34:39",hari@gmail.com,"Pipeline Access","User accessed the production pipeline page",::1
"2025-11-04 06:34:39",hari@gmail.com,"Pipeline: Order Management","Order #1003 - Order Management: User 'hari@gmail.com' (employee) deleted order #1003 [User: hari@gmail.com (employee)]",::1
"2025-11-04 06:34:39",hari@gmail.com,"Pipeline Access","User accessed the production pipeline page",::1
"2025-11-04 06:34:41",hari@gmail.com,"Pipeline Access","User accessed the production pipeline page",::1
"2025-11-04 06:34:41",hari@gmail.com,"Pipeline: Order Management","Order #1002 - Order Management: User 'hari@gmail.com' (employee) deleted order #1002 [User: hari@gmail.com (employee)]",::1
"2025-11-04 06:34:41",hari@gmail.com,"Pipeline Access","User accessed the production pipeline page",::1
"2025-11-04 06:34:43",hari@gmail.com,"Pipeline Access","User accessed the production pipeline page",::1
"2025-11-04 06:34:43",hari@gmail.com,"Pipeline: Order Management","Order #1001 - Order Management: User 'hari@gmail.com' (employee) deleted order #1001 [User: hari@gmail.com (employee)]",::1
"2025-11-04 06:34:43",hari@gmail.com,"Pipeline Access","User accessed the production pipeline page",::1
"2025-11-04 06:34:45",hari@gmail.com,"Pipeline Access","User accessed the production pipeline page",::1
"2025-11-04 06:34:46",hari@gmail.com,"Pipeline Access","User accessed the production pipeline page",::1
"2025-11-04 06:34:47",hari@gmail.com,"Pipeline Access","User accessed the production pipeline page",::1
"2025-11-04 06:38:07",admin,"Pipeline Access","User accessed the production pipeline page",::1
"2025-11-04 06:38:19",admin,"Pipeline Access","User accessed the production pipeline page",::1
"2025-11-04 06:38:19",admin,"Pipeline: Item Update","Order #1001 - Item Update: User 'admin' (admin) updated drawing for 'IIW-TYPE 1 CALIBRATION TEST BLOCK INCH VERSION' - File: 11.PNG (Item #1) [User: admin (admin)]",::1
"2025-11-04 06:38:19",admin,"Pipeline Access","User accessed the production pipeline page",::1
"2025-11-04 06:38:32",admin,"Pipeline Access","User accessed the production pipeline page",::1
"2025-11-04 06:38:32",admin,"Pipeline: Raw Materials","Order #1001 - Raw Materials: User 'admin' (admin) added raw material: Plate - ss (Item #1) [User: admin (admin)]",::1
"2025-11-04 06:38:32",admin,"Pipeline Access","User accessed the production pipeline page",::1
"2025-11-04 06:38:46",admin,"Pipeline Access","User accessed the production pipeline page",::1
"2025-11-04 06:38:46",admin,"Pipeline: Machining Process","Order #1001 - Machining Process: User 'admin' (admin) added process: Cutting (Seq: 1) (Item #1) [User: admin (admin)]",::1
"2025-11-04 06:38:46",admin,"Pipeline Access","User accessed the production pipeline page",::1
"2025-11-04 06:38:57",admin,"Pipeline Access","User accessed the production pipeline page",::1
"2025-11-04 06:38:57",admin,"Pipeline: Machining Process","Order #1001 - Machining Process: User 'admin' (admin) updated process status to: In Progress (Item #1) [User: admin (admin)]",::1
"2025-11-04 06:38:57",admin,"Pipeline Access","User accessed the production pipeline page",::1
"2025-11-04 06:39:12",admin,"Pipeline Access","User accessed the production pipeline page",::1
"2025-11-04 06:39:12",admin,"Pipeline: Machining Process","Order #1001 - Machining Process: User 'admin' (admin) added process: Turning (Seq: 2) (Item #1) [User: admin (admin)]",::1
"2025-11-04 06:39:12",admin,"Pipeline Access","User accessed the production pipeline page",::1
"2025-11-04 06:39:26",admin,"Pipeline Access","User accessed the production pipeline page",::1
"2025-11-04 06:39:26",admin,"Pipeline: Machining Process","Order #1001 - Machining Process: User 'admin' (admin) added process: Milling (Seq: 3) (Item #1) [User: admin (admin)]",::1
"2025-11-04 06:39:26",admin,"Pipeline Access","User accessed the production pipeline page",::1
"2025-11-04 06:39:33",admin,"Pipeline Access","User accessed the production pipeline page",::1
"2025-11-04 06:39:33",admin,"Pipeline: Item Status Update","Order #1001 - Item Status Update: User 'admin' (admin) changed ITEM STATUS for 'IIW-TYPE 1 CALIBRATION TEST BLOCK INCH VERSION' from 'In Production' to 'Ready for QC' (Item #1) [User: admin (admin)]",::1
"2025-11-04 06:39:33",admin,"Item Status Change","Order #1001 - Item 'IIW-TYPE 1 CALIBRATION TEST BLOCK INCH VERSION' status changed from 'In Production' to 'Ready for QC'",::1
"2025-11-04 06:39:33",admin,"Pipeline Access","User accessed the production pipeline page",::1
"2025-11-04 06:39:48",admin,"Pipeline Access","User accessed the production pipeline page",::1
"2025-11-04 06:39:48",admin,"Pipeline: Quality Inspection","Order #1001 - Quality Inspection: User 'admin' (admin) submitted QC Result: QC Passed - Dimensional Check (Item #1) [User: admin (admin)]",::1
"2025-11-04 06:39:48",admin,"Pipeline Access","User accessed the production pipeline page",::1
"2025-11-04 06:40:10",admin,"Pipeline Access","User accessed the production pipeline page",::1
"2025-11-04 06:40:10",admin,"Pipeline: Packaging","Order #1001 - Packaging: User 'admin' (admin) added packaging lot #1: 12 products. Fumigation cert: 12 (Item #1) [User: admin (admin)]",::1
"2025-11-04 06:40:10",admin,"Pipeline Access","User accessed the production pipeline page",::1
"2025-11-04 06:41:06",admin,"Pipeline Access","User accessed the production pipeline page",::1
"2025-11-04 06:41:06",admin,"Pipeline: Item Status Update","Order #1001 - Item Status Update: User 'admin' (admin) changed ITEM STATUS for 'IIW-TYPE 1 CALIBRATION TEST BLOCK INCH VERSION' from 'Packaging' to 'Packaging' (Item #1) [User: admin (admin)]",::1
"2025-11-04 06:41:06",admin,"Item Status Change","Order #1001 - Item 'IIW-TYPE 1 CALIBRATION TEST BLOCK INCH VERSION' status changed from 'Packaging' to 'Packaging'",::1
"2025-11-04 06:41:06",admin,"Pipeline Access","User accessed the production pipeline page",::1
"2025-11-04 06:41:26",admin,"Pipeline Access","User accessed the production pipeline page",::1
"2025-11-04 06:41:26",admin,"Pipeline: Item Status Update","Order #1001 - Item Status Update: User 'admin' (admin) changed ITEM STATUS for 'IIW-TYPE 1 CALIBRATION TEST BLOCK INCH VERSION' from 'Packaging' to 'Ready for Dispatch' (Item #1) [User: admin (admin)]",::1
"2025-11-04 06:41:26",admin,"Item Status Change","Order #1001 - Item 'IIW-TYPE 1 CALIBRATION TEST BLOCK INCH VERSION' status changed from 'Packaging' to 'Ready for Dispatch'",::1
"2025-11-04 06:41:26",admin,"Pipeline Access","User accessed the production pipeline page",::1
"2025-11-04 06:41:33",admin,"Pipeline Access","User accessed the production pipeline page",::1
"2025-11-04 06:41:33",admin,"Pipeline: Shipping Documents","Order #1001 - Shipping Documents: User 'admin' (admin) uploaded shipping documents for Lot #1 (Item #1) [User: admin (admin)]",::1
"2025-11-04 06:41:33",admin,"Pipeline Access","User accessed the production pipeline page",::1
"2025-11-04 06:41:41",admin,"Pipeline Access","User accessed the production pipeline page",::1
"2025-11-04 06:41:41",admin,"Pipeline: Dispatch","Order #1001 - Dispatch: User 'admin' (admin) dispatched via Air Freight - Tracking: 12 (Item #1) [User: admin (admin)]",::1
"2025-11-04 06:41:41",admin,"Pipeline Access","User accessed the production pipeline page",::1
"2025-11-04 06:42:15",admin,"Pipeline Access","User accessed the production pipeline page",::1
"2025-11-04 06:42:49",admin,"Pipeline Access","User accessed the production pipeline page",::1
"2025-11-04 07:15:02",admin,"Pipeline Access","User accessed the production pipeline page",::1
"2025-11-04 07:27:24",admin,"Pipeline Access","User accessed the production pipeline page",::1
"2025-11-04 07:35:21",admin,"Pipeline Access","User accessed the production pipeline page",::1
"2025-11-04 08:16:09",hari@gmail.com,"Pipeline Access","User accessed the production pipeline page",::1
"2025-11-04 08:29:23",System,"Pipeline Access","User accessed the production pipeline page",::1
"2025-11-04 08:29:46",System,"Pipeline Access","User accessed the production pipeline page",::1
"2025-11-04 08:32:58",System,"Pipeline Access","User accessed the production pipeline page",::1
"2025-11-04 08:36:19",System,"Pipeline Access","User accessed the production pipeline page",::1
"2025-11-04 08:37:19",System,"Pipeline Access","User accessed the production pipeline page",::1
"2025-11-04 08:37:25",System,"Pipeline Access","User accessed the production pipeline page",::1
"2025-11-04 08:37:26",System,"Pipeline Access","User accessed the production pipeline page",::1
"2025-11-04 08:37:26",System,"Pipeline Access","User accessed the production pipeline page",::1
"2025-11-04 08:37:27",System,"Pipeline Access","User accessed the production pipeline page",::1
"2025-11-04 08:37:27",System,"Pipeline Access","User accessed the production pipeline page",::1
"2025-11-04 08:38:06",System,"Pipeline Access","User accessed the production pipeline page",::1
"2025-11-04 08:39:08",System,"Pipeline Access","User accessed the production pipeline page",::1
"2025-11-04 08:39:08",System,"Pipeline Access","User accessed the production pipeline page",::1
"2025-11-04 08:39:08",System,"Pipeline Access","User accessed the production pipeline page",::1
"2025-11-04 08:55:49",System,"Pipeline Access","User accessed the production pipeline page",::1
"2025-11-04 08:55:52",System,"Pipeline Access","User accessed the production pipeline page",::1
"2025-11-04 09:43:20",System,"Pipeline Access","User accessed the production pipeline page",192.168.1.19
"2025-11-04 10:16:05",hari@gmail.com,"Pipeline Access","User accessed the production pipeline page",::1
"2025-11-04 10:18:46",hari@gmail.com,"Pipeline Access","User accessed the production pipeline page",::1
"2025-11-04 10:20:19",hari@gmail.com,"Pipeline Access","User accessed the production pipeline page",::1
"2025-11-04 10:20:19",hari@gmail.com,"Pipeline: Raw Materials","Order #1002 - Raw Materials: User 'hari@gmail.com' (employee) added raw material: Bar - ss (Item #1) [User: hari@gmail.com (employee)]",::1
"2025-11-04 10:20:19",hari@gmail.com,"Pipeline Access","User accessed the production pipeline page",::1
"2025-11-04 10:24:23",hari@gmail.com,"Pipeline Access","User accessed the production pipeline page",::1
"2025-11-04 10:24:23",hari@gmail.com,"Pipeline: Machining Process","Order #1002 - Machining Process: User 'hari@gmail.com' (employee) added process: Cutting (Seq: 1) (Item #1) [User: hari@gmail.com (employee)]",::1
"2025-11-04 10:24:23",hari@gmail.com,"Pipeline Access","User accessed the production pipeline page",::1
"2025-11-04 10:25:47",hari@gmail.com,"Pipeline Access","User accessed the production pipeline page",::1
"2025-11-04 10:25:47",hari@gmail.com,"Pipeline: Item Status Update","Order #1002 - Item Status Update: User 'hari@gmail.com' (employee) changed ITEM STATUS for 'ASTM E2491 PAUT ASSESSMENT BLOCK' from 'In Production' to 'Ready for QC' (Item #1) [User: hari@gmail.com (employee)]",::1
"2025-11-04 10:25:47",hari@gmail.com,"Item Status Change","Order #1002 - Item 'ASTM E2491 PAUT ASSESSMENT BLOCK' status changed from 'In Production' to 'Ready for QC'",::1
"2025-11-04 10:25:47",hari@gmail.com,"Pipeline Access","User accessed the production pipeline page",::1
"2025-11-04 10:26:20",hari@gmail.com,"Pipeline Access","User accessed the production pipeline page",::1
"2025-11-04 10:26:20",hari@gmail.com,"Pipeline: Quality Inspection","Order #1002 - Quality Inspection: User 'hari@gmail.com' (employee) submitted QC Result: QC Passed - Final Inspection (Item #1) [User: hari@gmail.com (employee)]",::1
"2025-11-04 10:26:20",hari@gmail.com,"Pipeline Access","User accessed the production pipeline page",::1
"2025-11-04 10:26:57",hari@gmail.com,"Pipeline Access","User accessed the production pipeline page",::1
"2025-11-04 10:26:57",hari@gmail.com,"Pipeline: Packaging","Order #1002 - Packaging: User 'hari@gmail.com' (employee) added packaging lot #1: 12 products. Fumigation cert: 2 (Item #1) [User: hari@gmail.com (employee)]",::1
"2025-11-04 10:26:57",hari@gmail.com,"Pipeline Access","User accessed the production pipeline page",::1
"2025-11-04 10:27:06",hari@gmail.com,"Pipeline Access","User accessed the production pipeline page",::1
"2025-11-04 10:27:06",hari@gmail.com,"Pipeline: Item Status Update","Order #1002 - Item Status Update: User 'hari@gmail.com' (employee) changed ITEM STATUS for 'ASTM E2491 PAUT ASSESSMENT BLOCK' from 'Packaging' to 'Ready for Dispatch' (Item #1) [User: hari@gmail.com (employee)]",::1
"2025-11-04 10:27:06",hari@gmail.com,"Item Status Change","Order #1002 - Item 'ASTM E2491 PAUT ASSESSMENT BLOCK' status changed from 'Packaging' to 'Ready for Dispatch'",::1
"2025-11-04 10:27:06",hari@gmail.com,"Pipeline Access","User accessed the production pipeline page",::1
"2025-11-04 10:27:23",hari@gmail.com,"Pipeline Access","User accessed the production pipeline page",::1
"2025-11-04 10:27:23",hari@gmail.com,"Pipeline: Shipping Documents","Order #1002 - Shipping Documents: User 'hari@gmail.com' (employee) uploaded shipping documents for Lot #1 (Item #1) [User: hari@gmail.com (employee)]",::1
"2025-11-04 10:27:23",hari@gmail.com,"Pipeline Access","User accessed the production pipeline page",::1
"2025-11-04 10:28:09",hari@gmail.com,"Pipeline Access","User accessed the production pipeline page",::1
"2025-11-04 10:28:09",hari@gmail.com,"Pipeline: Dispatch","Order #1002 - Dispatch: User 'hari@gmail.com' (employee) dispatched via Sea Freight - Tracking: 12 (Item #1) [User: hari@gmail.com (employee)]",::1
"2025-11-04 10:28:09",hari@gmail.com,"Pipeline Access","User accessed the production pipeline page",::1
"2025-11-04 10:32:20",harish070220@gmail.com,"Pipeline Access","User accessed the production pipeline page",192.168.1.21
"2025-11-04 10:34:22",hari@gmail.com,"Pipeline Access","User accessed the production pipeline page",::1
"2025-11-04 10:34:26",hari@gmail.com,"Pipeline Access","User accessed the production pipeline page",::1
"2025-11-04 10:34:27",hari@gmail.com,"Pipeline Access","User accessed the production pipeline page",::1
"2025-11-04 10:35:26",System,"Pipeline Access","User accessed the production pipeline page",192.168.1.21
"2025-11-04 10:38:40",System,"Pipeline Access","User accessed the production pipeline page",192.168.1.21
"2025-11-04 10:41:12",System,"Pipeline Access","User accessed the production pipeline page",192.168.1.21
"2025-11-04 10:42:34",System,"Pipeline Access","User accessed the production pipeline page",192.168.1.21
"2025-11-04 10:43:24",System,"Pipeline Access","User accessed the production pipeline page",192.168.1.21
"2025-11-04 10:45:33",System,"Pipeline Access","User accessed the production pipeline page",192.168.1.21
"2025-11-04 10:45:36",System,"Pipeline Access","User accessed the production pipeline page",192.168.1.21
"2025-11-04 10:45:36",System,"Pipeline Access","User accessed the production pipeline page",192.168.1.21
"2025-11-04 10:59:51",harish070220@gmail.com,"Pipeline Access","User accessed the production pipeline page",192.168.1.33
"2025-11-04 11:45:22",harish070220@gmail.com,"Pipeline Access","User accessed the production pipeline page",192.168.1.33
"2025-11-05 05:56:49",hari@gmail.com,"Pipeline Access","User accessed the production pipeline page",::1
"2025-11-05 05:58:11",hari@gmail.com,"Pipeline Access","User accessed the production pipeline page",::1
"2025-11-05 11:25:17",hari@gmail.com,"Pipeline Access","User accessed the production pipeline page",::1
"2025-11-05 11:51:52",password@gmail.com,"Pipeline Access","User accessed the production pipeline page",::1
