DOC_68e50cd8b82d8,jobsheets/jobsheet,2025-10-07_145136_ASNS_-_83_-_1132-_UT_REV_0.pdf,"ASNS - 83 - 1132- UT REV 0.pdf",jobsheet,d,System,"2025-10-07 14:51:36",446318
DOC_6901bf84cee6e,jobsheets/ADMIN001_z,2025-10-29_081724_6901bf84cec8f_Capture.PNG,Capture.PNG,jobsheet,a,admin,ADMIN001,"2025-10-29 08:17:24",23380
DOC_69030bdcd3e5c,jobsheets/ADMIN001_ss,2025-10-30_075524_lll.PNG,lll.PNG,jobsheet,ss,admin,ADMIN001,"2025-10-30 07:55:24",198658
DOC_690351f29f73a,jobsheets/15_ece,2025-10-30_125426_ALPHASONIX_____DAKSTOOLS_CRM.pdf,"ALPHASONIX ※ DAKSTOOLS CRM.pdf",invoice,ss,eee@gmail.com,15,"2025-10-30 12:54:26",498482
DOC_6903557e633ac,jobsheets/15_zx,2025-10-30_130934_ALPHASONIX_____DAKSTOOLS_CRM.pdf,"ALPHASONIX ※ DAKSTOOLS CRM.pdf",jobsheet,zaSx,eee@gmail.com,15,"2025-10-30 13:09:34",498482
DOC_690358c15c495,jobsheets/15_rthery,2025-10-30_132329_ALPHASONIX_____DAKSTOOLS_CRM.pdf,"ALPHASONIX ※ DAKSTOOLS CRM.pdf",purchase_order,,eee@gmail.com,15,"2025-10-30 13:23:29",498482
DOC_69035c6482eb0,jobsheets/15_ece,2025-10-30_133900_ALPHASONIX_____DAKSTOOLS_CRM.pdf,"ALPHASONIX ※ DAKSTOOLS CRM.pdf",jobsheet,2,eee@gmail.com,15,"2025-10-30 13:39:00",498482
DOC_69049d7d68954,invoices/16_uu,2025-10-31_122901_ALPHASONIX_____DAKSTOOLS_CRM.pdf,"ALPHASONIX ※ DAKSTOOLS CRM.pdf",jobsheet,uu,sam@gmail.com,16,"2025-10-31 12:29:01",498482
DOC_690587eb0fbec,jobsheets/17_mech,2025-11-01_050915_ALPHASONIX_____DAKSTOOLS_CRM.pdf,"ALPHASONIX ※ DAKSTOOLS CRM.pdf",jobsheet,2,bala@gmail.com,17,"2025-11-01 05:09:15",498482
DOC_6905955a7d141,invoices/civil,2025-11-01_060634_Document.pdf,Document.pdf,delivery_note,,admin,1,"2025-11-01 06:06:34",71486
DOC_6905ac0e44c8c,jobsheets/15_ece,2025-11-01_074326_lll.PNG,lll.PNG,invoice,2,eee@gmail.com,15,"2025-11-01 07:43:26",198658
DOC_6905af339c412,jobsheets/17_swxwewefwf,2025-11-01_075651_eeeeeeeeeeee.PNG,eeeeeeeeeeee.PNG,jobsheet,2,bala@gmail.com,17,"2025-11-01 07:56:51",61009
DOC_6905b6248854c,jobsheets/18_aswin,2025-11-01_082628_12.PNG,12.PNG,invoice,tehr,as@gmail.com,18,"2025-11-01 08:26:28",11322
DOC_6905baaa1659e,jobsheets/18_aswin,2025-11-01_084546_12.PNG,12.PNG,invoice,tehr,as@gmail.com,18,"2025-11-01 08:45:46",11322
DOC_6905d6b55e58e,jobsheets/19_samplee,2025-11-01_104525_67.PNG,67.PNG,jobsheet,2,sampleseee@gmail.com,19,"2025-11-01 10:45:25",18036
DOC_6905da05bc35f,jobsheets/17_swxwewefwf,2025-11-01_105933_11.PNG,11.PNG,invoice,,z@gmail.com,20,"2025-11-01 10:59:33",26116
DOC_6905df925063c,jobsheets/21_wreqar,2025-11-01_112314_12.PNG,12.PNG,invoice,wgte,vivo@gmail.com,21,"2025-11-01 11:23:14",11322
DOC_6905fa0fa2d44,jobsheets/22_seaster,2025-11-01_131615_ccc.PNG,ccc.PNG,jobsheet,yt,arun@gmail.com,22,"2025-11-01 13:16:15",139941
DOC_69098fccc31ae,jobsheets/24_cse,2025-11-04_063156_2.jpg,2.jpg,jobsheet,2,hari@gmail.com,24,"2025-11-04 06:31:56",20987
