FOLDER_68e5145397e91,EMP001_today,jobsheets,emp001,EMP001,private,"2025-10-07 15:23:31"
FOLDER_68e516f1321d5,EMP001_employhee,invoices,emp001,EMP001,private,"2025-10-07 15:34:41"
FOLDER_68e600885bad9,project_crm,jobsheets,admin,ADMIN001,public,"2025-10-08 08:11:20"
FOLDER_68e600efc1026,EMP001_project_crm_emp1,invoices,emp001,EMP001,private,"2025-10-08 08:13:03"
FOLDER_68e601633e5a3,EMP002_project_crm_emp12,invoices,emp002,EMP002,private,"2025-10-08 08:14:59"
FOLDER_68e6562a43e86,EMP002_project_crm,invoices,emp002,EMP002,private,"2025-10-08 14:16:42"
FOLDER_68e8addd9f2a4,ADMIN001_style,jobsheets,admin,ADMIN001,private,"2025-10-10 08:55:25"
FOLDER_68e8ae51ab4c1,EMP001_style_pri,invoices,emp001,EMP001,private,"2025-10-10 08:57:21"
FOLDER_68e9e96ad609e,carts,jobsheets,admin,ADMIN001,public,"2025-10-11 07:21:46"
FOLDER_68e9e9a8cda93,EMP002_123,jobsheets,emp002,EMP002,private,"2025-10-11 07:22:48"
FOLDER_68e9e9b2ea0e4,EMP002_234,jobsheets,emp002,EMP002,private,"2025-10-11 07:22:58"
FOLDER_68e9ed1b638ef,eee,jobsheets,admin,ADMIN001,public,"2025-10-11 07:37:31"
FOLDER_68e9ef642e173,EMP001_cse,jobsheets,emp001,EMP001,private,"2025-10-11 07:47:16"
FOLDER_68fa24aba7f88,eee,jobsheets,admin,ADMIN001,public,"2025-10-23 14:50:51"
FOLDER_68fb4de600180,EMP001_UT,jobsheets,emp001,EMP001,private,"2025-10-24 11:59:02"
FOLDER_6901bf6b3776d,ADMIN001_z,jobsheets,admin,ADMIN001,private,"2025-10-29 08:16:59"
FOLDER_69030bd07a7ef,ADMIN001_ss,jobsheets,admin,ADMIN001,private,ADMIN001,"2025-10-30 07:55:12"
FOLDER_69034d8a48364,15_ece,invoices,eee@gmail.com,15,private,15,"2025-10-30 12:35:38"
FOLDER_69034e2652ae1,15_ece,jobsheets,eee@gmail.com,15,private,15,"2025-10-30 12:38:14"
FOLDER_6903557665536,15_zx,jobsheets,eee@gmail.com,15,private,15,"2025-10-30 13:09:26"
FOLDER_690358b7364c5,15_rthery,jobsheets,eee@gmail.com,15,private,15,"2025-10-30 13:23:19"
FOLDER_69045bc3d9822,15_eeeeeeeeeee,jobsheets,eee@gmail.com,15,private,15,"2025-10-31 07:48:35"
FOLDER_69049d768a994,16_uu,invoices,sam@gmail.com,16,private,16,"2025-10-31 12:28:54"
FOLDER_690587e14cffe,17_mech,jobsheets,bala@gmail.com,17,private,17,"2025-11-01 05:09:05"
FOLDER_69059551de096,civil,invoices,admin,1,private,1,"2025-11-01 06:06:25"
FOLDER_6905af29d568a,17_swxwewefwf,jobsheets,bala@gmail.com,17,private,17,"2025-11-01 07:56:41"
FOLDER_6905b615e914b,18_aswin,jobsheets,as@gmail.com,18,private,18,"2025-11-01 08:26:13"
FOLDER_6905d6ad8942b,19_samplee,jobsheets,sampleseee@gmail.com,19,private,19,"2025-11-01 10:45:17"
FOLDER_6905df8c0a5e4,21_wreqar,jobsheets,vivo@gmail.com,21,private,21,"2025-11-01 11:23:08"
FOLDER_6905f9f348ba9,22_seaster,jobsheets,arun@gmail.com,22,private,22,"2025-11-01 13:15:47"
FOLDER_69098fc401ef5,24_cse,jobsheets,hari@gmail.com,24,private,24,"2025-11-04 06:31:48"
