1004,"2025-11-01 10:56:31",z@gmail.com,20,employee,"Item Update","User 'z@gmail.com' (employee) updated drawing for 'IIW-TYPE 1 CALIBRATION TEST BLOCK METRIC VERSION' - File: ccc.PNG",0
1004,"2025-11-01 11:23:44",vivo@gmail.com,21,employee,"Machining Process","User 'vivo@gmail.com' (employee) added process: Welding (Seq: 1)",0
1004,"2025-11-01 11:23:52",vivo@gmail.com,21,employee,"Machining Process","User 'vivo@gmail.com' (employee) updated process status to: Not Started",0
1004,"2025-11-01 12:58:28",sam@gmail.com,16,employee,"Machining Process","User 'sam@gmail.com' (employee) added process: Cutting (Seq: 1)",0
1004,"2025-11-04 06:34:37",hari@gmail.com,24,employee,"Order Management","User 'hari@gmail.com' (employee) deleted order #1004",
1003,"2025-11-04 06:34:39",hari@gmail.com,24,employee,"Order Management","User 'hari@gmail.com' (employee) deleted order #1003",
1002,"2025-11-04 06:34:41",hari@gmail.com,24,employee,"Order Management","User 'hari@gmail.com' (employee) deleted order #1002",
1001,"2025-11-04 06:34:43",hari@gmail.com,24,employee,"Order Management","User 'hari@gmail.com' (employee) deleted order #1001",
1001,"2025-11-04 06:38:07",admin,"Order Creation","New order created with 1 items",
1001,"2025-11-04 06:38:19",admin,1,admin,"Item Update","User 'admin' (admin) updated drawing for 'IIW-TYPE 1 CALIBRATION TEST BLOCK INCH VERSION' - File: 11.PNG",0
1001,"2025-11-04 06:38:32",admin,1,admin,"Raw Materials","User 'admin' (admin) added raw material: Plate - ss",0
1001,"2025-11-04 06:38:46",admin,1,admin,"Machining Process","User 'admin' (admin) added process: Cutting (Seq: 1)",0
1001,"2025-11-04 06:38:57",admin,1,admin,"Machining Process","User 'admin' (admin) updated process status to: In Progress",0
1001,"2025-11-04 06:39:12",admin,1,admin,"Machining Process","User 'admin' (admin) added process: Turning (Seq: 2)",0
1001,"2025-11-04 06:39:26",admin,1,admin,"Machining Process","User 'admin' (admin) added process: Milling (Seq: 3)",0
1001,"2025-11-04 06:39:33",admin,1,admin,"Item Status Update","User 'admin' (admin) changed ITEM STATUS for 'IIW-TYPE 1 CALIBRATION TEST BLOCK INCH VERSION' from 'In Production' to 'Ready for QC'",0
1001,"2025-11-04 06:39:48",admin,1,admin,"Quality Inspection","User 'admin' (admin) submitted QC Result: QC Passed - Dimensional Check",0
1001,"2025-11-04 06:40:10",admin,1,admin,Packaging,"User 'admin' (admin) added packaging lot #1: 12 products. Fumigation cert: 12",0
1001,"2025-11-04 06:41:06",admin,1,admin,"Item Status Update","User 'admin' (admin) changed ITEM STATUS for 'IIW-TYPE 1 CALIBRATION TEST BLOCK INCH VERSION' from 'Packaging' to 'Packaging'",0
1001,"2025-11-04 06:41:26",admin,1,admin,"Item Status Update","User 'admin' (admin) changed ITEM STATUS for 'IIW-TYPE 1 CALIBRATION TEST BLOCK INCH VERSION' from 'Packaging' to 'Ready for Dispatch'",0
1001,"2025-11-04 06:41:33",admin,1,admin,"Shipping Documents","User 'admin' (admin) uploaded shipping documents for Lot #1",0
1001,"2025-11-04 06:41:41",admin,1,admin,Dispatch,"User 'admin' (admin) dispatched via Air Freight - Tracking: 12",0
1002,"2025-11-04 10:18:46",hari@gmail.com,"Order Creation","New order created with 1 items",
1002,"2025-11-04 10:20:19",hari@gmail.com,24,employee,"Raw Materials","User 'hari@gmail.com' (employee) added raw material: Bar - ss",0
1002,"2025-11-04 10:24:23",hari@gmail.com,24,employee,"Machining Process","User 'hari@gmail.com' (employee) added process: Cutting (Seq: 1)",0
1002,"2025-11-04 10:25:47",hari@gmail.com,24,employee,"Item Status Update","User 'hari@gmail.com' (employee) changed ITEM STATUS for 'ASTM E2491 PAUT ASSESSMENT BLOCK' from 'In Production' to 'Ready for QC'",0
1002,"2025-11-04 10:26:20",hari@gmail.com,24,employee,"Quality Inspection","User 'hari@gmail.com' (employee) submitted QC Result: QC Passed - Final Inspection",0
1002,"2025-11-04 10:26:57",hari@gmail.com,24,employee,Packaging,"User 'hari@gmail.com' (employee) added packaging lot #1: 12 products. Fumigation cert: 2",0
1002,"2025-11-04 10:27:06",hari@gmail.com,24,employee,"Item Status Update","User 'hari@gmail.com' (employee) changed ITEM STATUS for 'ASTM E2491 PAUT ASSESSMENT BLOCK' from 'Packaging' to 'Ready for Dispatch'",0
1002,"2025-11-04 10:27:23",hari@gmail.com,24,employee,"Shipping Documents","User 'hari@gmail.com' (employee) uploaded shipping documents for Lot #1",0
1002,"2025-11-04 10:28:09",hari@gmail.com,24,employee,Dispatch,"User 'hari@gmail.com' (employee) dispatched via Sea Freight - Tracking: 12",0
