1,"2025-10-23 09:46:55",admin,ADMIN001,admin,"Edit Mode Accessed","Started editing product 'PAUT ISO 19675 CALIBRATION BLOCK'"
1,"2025-10-23 09:47:00",admin,ADMIN001,admin,"Product Updated","Updated name from 'PAUT ISO 19675 CALIBRATION BLOCK' to 'PAUT ISO 19675 CALIBRATION BLOCKS'"
6,"2025-10-23 09:47:13",admin,ADMIN001,admin,"Product Deleted","Permanently deleted product 'erty' from the catalog"
1213,"2025-10-23 12:12:48",admin,ADMIN001,admin,"Product Deleted","Permanently deleted product '1213' from the catalog"
77,"2025-10-25 05:52:35",System,System,employee,"Product Created","Added new product 'varun' with dimensions '1312 x 234 x 253'"
77,"2025-10-25 06:44:35",admin,ADMIN001,admin,"Product Created","Added new product 'varun' with dimensions '1312 x 234 x 253'"
77,"2025-10-25 07:02:10",admin,ADMIN001,admin,"Product Created","Added new product 'varun' with dimensions '1312 x 234 x 253'"
77,"2025-10-25 07:02:20",admin,ADMIN001,admin,"Product Created","Added new product 'varun' with dimensions '1312 x 234 x 253'"
